zh,en,pt,es,ja,ko,note
勾股定理,Pythagorean theorem,Teorema de Pitágoras,Teorema de Pitágoras,三平方の定理,피타고라스 정리,
三角形,triangle,triângulo,triángulo,三角形,삼각형,
直角三角形,right triangle,triângulo retângulo,triángulo rectángulo,直角三角形,직각삼각형,
等腰三角形,isosceles triangle,triângulo isósceles,triángulo isósceles,二等辺三角形,이등변삼각형,
等边三角形,equilateral triangle,triângulo equilátero,triángulo equilátero,正三角形,정삼각형,
斜边,hypotenuse,hipotenusa,hipotenusa,斜辺,빗변,
直角边,leg,cateto,cateto,直角をはさむ辺,직각을 낀 변,
面积,area,área,área,面積,넓이,
周长,perimeter,perímetro,perímetro,周の長さ,둘레,
体积,volume,volume,volumen,体積,부피,
方程,equation,equação,ecuación,方程式,방정식,
一元一次方程,linear equation in one variable,equação do primeiro grau,ecuación de primer grado,一次方程式,일차방정식,
一元二次方程,quadratic equation,equação do segundo grau,ecuación cuadrática,二次方程式,이차방정식,
不等式,inequality,inequação,inecuación,不等式,부등식,
函数,function,função,función,関数,함수,
一次函数,linear function,função afim,función lineal,一次関数,일차함수,
二次函数,quadratic function,função quadrática,función cuadrática,二次関数,이차함수,
反比例函数,inverse proportion function,função de proporcionalidade inversa,función de proporcionalidad inversa,反比例の関数,반비례 함수,
分数,fraction,fração,fracción,分数,분수,
小数,decimal,número decimal,número decimal,小数,소수,
整数,integer,número inteiro,número entero,整数,정수,
自然数,natural number,número natural,número natural,自然数,자연수,
有理数,rational number,número racional,número racional,有理数,유리수,
无理数,irrational number,número irracional,número irracional,無理数,무리수,
实数,real number,número real,número real,実数,실수,
质数,prime number,número primo,número primo,素数,소수,
因数,factor,fator,factor,因数,인수,
倍数,multiple,múltiplo,múltiplo,倍数,배수,
最大公约数,greatest common divisor,máximo divisor comum,máximo común divisor,最大公約数,최대공약수,
最小公倍数,least common multiple,mínimo múltiplo comum,mínimo común múltiplo,最小公倍数,최소공배수,
平行,parallel,paralelo,paralelo,平行,평행,
垂直,perpendicular,perpendicular,perpendicular,垂直,수직,
相似,similar,semelhante,semejante,相似,닮음,
全等,congruent,congruente,congruente,合同,합동,
圆,circle,círculo,círculo,円,원,
半径,radius,raio,radio,半径,반지름,
直径,diameter,diâmetro,diámetro,直径,지름,
弧,arc,arco,arco,弧,호,
弦,chord,corda,cuerda,弦,현,
切线,tangent line,reta tangente,recta tangente,接線,접선,
角,angle,ângulo,ángulo,角,각,
锐角,acute angle,ângulo agudo,ángulo agudo,鋭角,예각,
钝角,obtuse angle,ângulo obtuso,ángulo obtuso,鈍角,둔각,
锐角三角形,acute triangle,triângulo acutângulo,triángulo acutángulo,鋭角三角形,예각삼각형,
钝角三角形,obtuse triangle,triângulo obtusângulo,triángulo obtusángulo,鈍角三角形,둔각삼각형,
直角,right angle,ângulo reto,ángulo recto,直角,직각,
平行四边形,parallelogram,paralelogramo,paralelogramo,平行四辺形,평행사변형,
矩形,rectangle,retângulo,rectángulo,長方形,직사각형,
正方形,square,quadrado,cuadrado,正方形,정사각형,
梯形,trapezoid,trapézio,trapecio,台形,사다리꼴,
菱形,rhombus,losango,rombo,ひし形,마름모,
多边形,polygon,polígono,polígono,多角形,다각형,
顶点,vertex,vértice,vértice,頂点,꼭짓점,
底边,base,base,base,底辺,밑변,
高,height,altura,altura,高さ,높이,
定理,theorem,teorema,teorema,定理,정리,
公理,axiom,axioma,axioma,公理,공리,
定义,definition,definição,definición,定義,정의,
证明,proof,demonstração,demostración,証明,증명,
推论,corollary,corolário,corolario,系,따름정리,
例题,worked example,exemplo resolvido,ejemplo resuelto,例題,예제,
练习,exercise,exercício,ejercicio,練習,연습,
习题,exercises,exercícios,ejercicios,練習問題,연습 문제,
已知,given,dado,dado,与えられた条件,주어진 조건,
解,solution,solução,solución,解,풀이,
概率,probability,probabilidade,probabilidad,確率,확률,
统计,statistics,estatística,estadística,統計,통계,
平均数,mean,média,media,平均値,평균,
中位数,median,mediana,mediana,中央値,중앙값,
众数,mode,moda,moda,最頻値,최빈값,
方差,variance,variância,varianza,分散,분산,
标准差,standard deviation,desvio padrão,desviación estándar,標準偏差,표준편차,
坐标系,coordinate system,sistema de coordenadas,sistema de coordenadas,座標系,좌표계,
坐标,coordinates,coordenadas,coordenadas,座標,좌표,
原点,origin,origem,origen,原点,원점,
斜率,slope,coeficiente angular,pendiente,傾き,기울기,
数轴,number line,reta numérica,recta numérica,数直線,수직선,
绝对值,absolute value,valor absoluto,valor absoluto,絶対値,절댓값,
平方根,square root,raiz quadrada,raíz cuadrada,平方根,제곱근,
立方根,cube root,raiz cúbica,raíz cúbica,立方根,세제곱근,
幂,power,potência,potencia,累乗,거듭제곱,
指数,exponent,expoente,exponente,指数,지수,
集合,set,conjunto,conjunto,集合,집합,
数列,sequence,sequência,sucesión,数列,수열,
等差数列,arithmetic sequence,progressão aritmética,progresión aritmética,等差数列,등차수열,
等比数列,geometric sequence,progressão geométrica,progresión geométrica,等比数列,등비수열,
向量,vector,vetor,vector,ベクトル,벡터,
矩阵,matrix,matriz,matriz,行列,행렬,
导数,derivative,derivada,derivada,導関数,도함수,
积分,integral,integral,integral,積分,적분,
极限,limit,limite,límite,極限,극한,
三角函数,trigonometric function,função trigonométrica,función trigonométrica,三角関数,삼각함수,
正弦,sine,seno,seno,正弦,사인,
余弦,cosine,cosseno,coseno,余弦,코사인,
正切,tangent,tangente,tangente,正接,탄젠트,
淘气,Taoqi,,,,,textbook character
笑笑,Xiaoxiao,,,,,textbook character
妙想,Miaoxiang,,,,,textbook character
奇思,Qisi,,,,,textbook character
智慧老人,Wise Old Man,,,,,textbook character
机灵狗,Clever Dog,,,,,textbook character
练一练,Practice,,,,,exercise heading
数一数,Count,,,,,exercise heading
比一比,Compare,,,,,exercise heading
填一填,Fill in,,,,,exercise heading
画一画,Draw,,,,,exercise heading
算一算,Calculate,,,,,exercise heading
连一连,Match,,,,,exercise heading
圈一圈,Circle,,,,,exercise heading
读一读,Read,,,,,exercise heading
写一写,Write,,,,,exercise heading
量一量,Measure,,,,,exercise heading
估一估,Estimate,,,,,exercise heading
猜一猜,Guess,,,,,exercise heading
找一找,Find,,,,,exercise heading
计数器,counting frame,,,,,
小棒,sticks,,,,,counting sticks
竖式,vertical form,,,,,
算式,number sentence,,,,,
个位,ones,,,,,place value
十位,tens,,,,,place value
百位,hundreds,,,,,place value
千位,thousands,,,,,place value
加号,plus sign,,,,,
减号,minus sign,,,,,
等号,equal sign,,,,,
整理与复习,Review,,,,,unit heading
总复习,Final Review,,,,,unit heading
数学好玩,Math Is Fun,,,,,unit heading
